Outcome,Period,State,State Code,Deaths,Population,"Crude rate (/100,000)","AAMR (/100,000)"
ARDS (ARDS + Pneumonia),Pandemic (2020-2023),Alabama,1.0,841.0,20144173.0,4.174904574141614,3.3593938356268085
ARDS (ARDS + Pneumonia),Pandemic (2020-2023),Alaska,2.0,173.0,2930820.0,5.90278488614108,5.6987387830027085
ARDS (ARDS + Pneumonia),Pandemic (2020-2023),Arizona,4.0,3572.0,29488258.0,12.113296078730727,9.629691635226468
ARDS (ARDS + Pneumonia),Pandemic (2020-2023),Arkansas,5.0,1123.0,12169782.0,9.227774170482265,7.3758461901782635
ARDS (ARDS + Pneumonia),Pandemic (2020-2023),California,6.0,8317.0,156600449.0,5.310968169701736,4.583801108386349
ARDS (ARDS + Pneumonia),Pandemic (2020-2023),Colorado,8.0,2165.0,23337324.0,9.276984799114071,8.225835477109545
ARDS (ARDS + Pneumonia),Pandemic (2020-2023),Connecticut,9.0,436.0,14405984.0,3.0265200905401533,2.1944200201805026
ARDS (ARDS + Pneumonia),Pandemic (2020-2023),Delaware,10.0,185.0,4040479.0,4.57866505431658,3.4448403765989135
ARDS (ARDS + Pneumonia),Pandemic (2020-2023),District of Columbia,11.0,696.0,2733641.0,25.46054876993724,25.45991306100545
ARDS (ARDS + Pneumonia),Pandemic (2020-2023),Florida,12.0,5923.0,88369989.0,6.7025016830091495,4.826179577774984
ARDS (ARDS + Pneumonia),Pandemic (2020-2023),Georgia,13.0,2133.0,43451686.0,4.908900427937365,4.325834120682912
ARDS (ARDS + Pneumonia),Pandemic (2020-2023),Hawaii,15.0,228.0,5723893.0,3.983302972295254,3.1511905795583535
ARDS (ARDS + Pneumonia),Pandemic (2020-2023),Idaho,16.0,510.0,7631595.0,6.682744563882125,5.580714857117026
ARDS (ARDS + Pneumonia),Pandemic (2020-2023),Illinois,17.0,1415.0,50390720.0,2.80805672155508,2.2526453581135573
ARDS (ARDS + Pneumonia),Pandemic (2020-2023),Indiana,18.0,1630.0,27256174.0,5.980296427517669,4.987460785948901
ARDS (ARDS + Pneumonia),Pandemic (2020-2023),Iowa,19.0,531.0,12764161.0,4.160085414152955,3.242617505373052
ARDS (ARDS + Pneumonia),Pandemic (2020-2023),Kansas,20.0,557.0,11726083.0,4.750094298326219,3.996328023603448
ARDS (ARDS + Pneumonia),Pandemic (2020-2023),Kentucky,21.0,1550.0,18025109.0,8.599115822267706,7.022752777805672
ARDS (ARDS + Pneumonia),Pandemic (2020-2023),Louisiana,22.0,2850.0,18433355.0,15.461102984236998,13.03131091979729
ARDS (ARDS + Pneumonia),Pandemic (2020-2023),Maine,23.0,139.0,5503450.0,2.52568843180187,1.6730962214610836
ARDS (ARDS + Pneumonia),Pandemic (2020-2023),Maryland,24.0,1162.0,24565844.0,4.73014483035877,3.807324002383147
ARDS (ARDS + Pneumonia),Pandemic (2020-2023),Massachusetts,25.0,1241.0,27861670.0,4.454147938727291,3.3882427830061865
ARDS (ARDS + Pneumonia),Pandemic (2020-2023),Michigan,26.0,1965.0,40088740.0,4.901625743288514,3.824296884860936
ARDS (ARDS + Pneumonia),Pandemic (2020-2023),Minnesota,27.0,1393.0,22819831.0,6.104339685951223,4.941229582287441
ARDS (ARDS + Pneumonia),Pandemic (2020-2023),Mississippi,28.0,1401.0,11796498.0,11.876406031688386,9.968924548624516
ARDS (ARDS + Pneumonia),Pandemic (2020-2023),Missouri,29.0,1598.0,24693848.0,6.47124741352583,5.1203122453819265
ARDS (ARDS + Pneumonia),Pandemic (2020-2023),Montana,30.0,319.0,4440527.0,7.183832009128646,5.37163469561158
ARDS (ARDS + Pneumonia),Pandemic (2020-2023),Nebraska,31.0,337.0,7847546.0,4.294336089269181,3.663985403844718
ARDS (ARDS + Pneumonia),Pandemic (2020-2023),Nevada,32.0,4794.0,12654198.0,37.88466088486999,32.51602588326814
ARDS (ARDS + Pneumonia),Pandemic (2020-2023),New Hampshire,33.0,195.0,5552552.0,3.511898672898516,2.5239414957302517
ARDS (ARDS + Pneumonia),Pandemic (2020-2023),New Jersey,34.0,3165.0,36702041.0,8.623498622324574,6.701575923257238
ARDS (ARDS + Pneumonia),Pandemic (2020-2023),New Mexico,35.0,635.0,8449911.0,7.514872050131652,6.249196861363393
ARDS (ARDS + Pneumonia),Pandemic (2020-2023),New York,36.0,7006.0,78421056.0,8.933825119620934,6.811268097435464
ARDS (ARDS + Pneumonia),Pandemic (2020-2023),North Carolina,37.0,2131.0,42686449.0,4.9922166165660675,4.028852652981278
ARDS (ARDS + Pneumonia),Pandemic (2020-2023),North Dakota,38.0,250.0,3103444.0,8.05556665433628,7.098121055189009
ARDS (ARDS + Pneumonia),Pandemic (2020-2023),Ohio,39.0,3329.0,47015227.0,7.080684732203888,5.498955970158349
ARDS (ARDS + Pneumonia),Pandemic (2020-2023),Oklahoma,40.0,794.0,16041046.0,4.949801901945796,4.258144980071749
ARDS (ARDS + Pneumonia),Pandemic (2020-2023),Oregon,41.0,701.0,16961157.0,4.1329727683082,3.226972151722904
ARDS (ARDS + Pneumonia),Pandemic (2020-2023),Pennsylvania,42.0,2732.0,51681001.0,5.286275318080623,3.89677995788046
ARDS (ARDS + Pneumonia),Pandemic (2020-2023),Rhode Island,44.0,251.0,4342431.0,5.780172442578823,4.271727472468762
ARDS (ARDS + Pneumonia),Pandemic (2020-2023),South Carolina,45.0,1601.0,21064934.0,7.600308645638291,5.95258821128991
ARDS (ARDS + Pneumonia),Pandemic (2020-2023),South Dakota,46.0,279.0,3617235.0,7.7130736598534515,6.409959568565492
ARDS (ARDS + Pneumonia),Pandemic (2020-2023),Tennessee,47.0,1913.0,28039880.0,6.822425773576778,5.575417063125805
ARDS (ARDS + Pneumonia),Pandemic (2020-2023),Texas,48.0,8109.0,119421573.0,6.790230438515493,6.5197591636144345
ARDS (ARDS + Pneumonia),Pandemic (2020-2023),Utah,49.0,795.0,13386388.0,5.938868647763684,6.518715773067387
ARDS (ARDS + Pneumonia),Pandemic (2020-2023),Vermont,50.0,29.0,2563445.0,1.1312901193511076,0.7451076188488538
ARDS (ARDS + Pneumonia),Pandemic (2020-2023),Virginia,51.0,1419.0,34632154.0,4.097348377464479,3.319248551505055
ARDS (ARDS + Pneumonia),Pandemic (2020-2023),Washington,53.0,2078.0,31030970.0,6.696535751218863,5.588118109101972
ARDS (ARDS + Pneumonia),Pandemic (2020-2023),West Virginia,54.0,589.0,7112973.0,8.28064439440442,5.983023905756426
ARDS (ARDS + Pneumonia),Pandemic (2020-2023),Wisconsin,55.0,697.0,23532057.0,2.9619170138845066,2.273060731579904
ARDS (ARDS + Pneumonia),Pandemic (2020-2023),Wyoming,56.0,173.0,2326569.0,7.435842220884057,5.886472698639069
ARDS (ARDS + Pneumonia),Post-pandemic (2024-2025),Alabama,1.0,188.0,10315398.0,1.8225181422956243,1.4
ARDS (ARDS + Pneumonia),Post-pandemic (2024-2025),Alaska,2.0,12.0,1480266.0,0.8106651101896551,0.75
ARDS (ARDS + Pneumonia),Post-pandemic (2024-2025),Arizona,4.0,211.0,15164768.0,1.3913829740092298,1.1
ARDS (ARDS + Pneumonia),Post-pandemic (2024-2025),Arkansas,5.0,111.0,6176708.0,1.797073781049711,1.45
ARDS (ARDS + Pneumonia),Post-pandemic (2024-2025),California,6.0,1084.0,78862526.0,1.3745438486208266,1.1500000000000001
ARDS (ARDS + Pneumonia),Post-pandemic (2024-2025),Colorado,8.0,152.0,11914986.0,1.2757043944491415,1.05
ARDS (ARDS + Pneumonia),Post-pandemic (2024-2025),Connecticut,9.0,72.0,7350138.0,0.9795734447434864,0.75
ARDS (ARDS + Pneumonia),Post-pandemic (2024-2025),Delaware,10.0,36.0,2103834.0,1.7111616220671404,1.1500000000000001
ARDS (ARDS + Pneumonia),Post-pandemic (2024-2025),District of Columbia,11.0,11.0,1404500.0,0.7831968672125312,0.8
ARDS (ARDS + Pneumonia),Post-pandemic (2024-2025),Florida,12.0,625.0,46744430.0,1.3370576986391747,0.9
ARDS (ARDS + Pneumonia),Post-pandemic (2024-2025),Georgia,13.0,271.0,22361756.0,1.2118905152171413,1.05
ARDS (ARDS + Pneumonia),Post-pandemic (2024-2025),Hawaii,15.0,42.0,2892292.0,1.4521355381821752,1.1
ARDS (ARDS + Pneumonia),Post-pandemic (2024-2025),Idaho,16.0,37.0,4003238.0,0.924251818153205,0.7999999999999999
ARDS (ARDS + Pneumonia),Post-pandemic (2024-2025),Illinois,17.0,252.0,25420316.0,0.9913330739082866,0.8
ARDS (ARDS + Pneumonia),Post-pandemic (2024-2025),Indiana,18.0,141.0,13848550.0,1.018157135584592,0.9
ARDS (ARDS + Pneumonia),Post-pandemic (2024-2025),Iowa,19.0,83.0,6482976.0,1.2802762188229604,1.05
ARDS (ARDS + Pneumonia),Post-pandemic (2024-2025),Kansas,20.0,58.0,5941212.0,0.9762317857029845,0.85
ARDS (ARDS + Pneumonia),Post-pandemic (2024-2025),Kentucky,21.0,149.0,9176744.0,1.623669571691223,1.3
ARDS (ARDS + Pneumonia),Post-pandemic (2024-2025),Louisiana,22.0,125.0,9195480.0,1.359363513378312,1.1
ARDS (ARDS + Pneumonia),Post-pandemic (2024-2025),Maine,23.0,35.0,2810024.0,1.2455409633512027,0.8500000000000001
ARDS (ARDS + Pneumonia),Post-pandemic (2024-2025),Maryland,24.0,133.0,12526440.0,1.0617541775636175,0.85
ARDS (ARDS + Pneumonia),Post-pandemic (2024-2025),Massachusetts,25.0,158.0,14272342.0,1.1070362523543789,0.8500000000000001
ARDS (ARDS + Pneumonia),Post-pandemic (2024-2025),Michigan,26.0,251.0,20280918.0,1.2376165615382893,0.9500000000000001
ARDS (ARDS + Pneumonia),Post-pandemic (2024-2025),Minnesota,27.0,164.0,11586302.0,1.415464571871163,1.1
ARDS (ARDS + Pneumonia),Post-pandemic (2024-2025),Mississippi,28.0,126.0,5886090.0,2.140640051375361,1.7
ARDS (ARDS + Pneumonia),Post-pandemic (2024-2025),Missouri,29.0,165.0,12490932.0,1.3209582759717209,1.0
ARDS (ARDS + Pneumonia),Post-pandemic (2024-2025),Montana,30.0,0.0,2274466.0,0.0,0.0
ARDS (ARDS + Pneumonia),Post-pandemic (2024-2025),Nebraska,31.0,48.0,4010930.0,1.196729935451379,1.0
ARDS (ARDS + Pneumonia),Post-pandemic (2024-2025),Nevada,32.0,151.0,6534934.0,2.3106583784931876,1.9000000000000001
ARDS (ARDS + Pneumonia),Post-pandemic (2024-2025),New Hampshire,33.0,32.0,2818064.0,1.1355313435039092,0.8
ARDS (ARDS + Pneumonia),Post-pandemic (2024-2025),New Jersey,34.0,250.0,19001702.0,1.3156716172056586,1.05
ARDS (ARDS + Pneumonia),Post-pandemic (2024-2025),New Mexico,35.0,76.0,4260512.0,1.7838231649153904,1.5
ARDS (ARDS + Pneumonia),Post-pandemic (2024-2025),New York,36.0,461.0,39734496.0,1.1602009498245556,0.8500000000000001
ARDS (ARDS + Pneumonia),Post-pandemic (2024-2025),North Carolina,37.0,335.0,22092048.0,1.5163827273958483,1.2000000000000002
ARDS (ARDS + Pneumonia),Post-pandemic (2024-2025),North Dakota,38.0,18.0,1593136.0,1.129847043817979,1.05
ARDS (ARDS + Pneumonia),Post-pandemic (2024-2025),Ohio,39.0,355.0,23766608.0,1.4936923266458555,1.2
ARDS (ARDS + Pneumonia),Post-pandemic (2024-2025),Oklahoma,40.0,83.0,8190786.0,1.0133337630845196,0.9
ARDS (ARDS + Pneumonia),Post-pandemic (2024-2025),Oregon,41.0,130.0,8544742.0,1.5214034548965902,1.1500000000000001
ARDS (ARDS + Pneumonia),Post-pandemic (2024-2025),Pennsylvania,42.0,392.0,26157502.0,1.498614049613759,1.05
ARDS (ARDS + Pneumonia),Post-pandemic (2024-2025),Rhode Island,44.0,11.0,2224616.0,0.4944673597600664,0.4
ARDS (ARDS + Pneumonia),Post-pandemic (2024-2025),South Carolina,45.0,197.0,10957662.0,1.7978287704074098,1.3499999999999999
ARDS (ARDS + Pneumonia),Post-pandemic (2024-2025),South Dakota,46.0,26.0,1849338.0,1.4059084926606171,1.2
ARDS (ARDS + Pneumonia),Post-pandemic (2024-2025),Tennessee,47.0,232.0,14455500.0,1.604925460897236,1.3
ARDS (ARDS + Pneumonia),Post-pandemic (2024-2025),Texas,48.0,823.0,62581662.0,1.3150817247391096,1.25
ARDS (ARDS + Pneumonia),Post-pandemic (2024-2025),Utah,49.0,82.0,7007226.0,1.1702205694521628,1.25
ARDS (ARDS + Pneumonia),Post-pandemic (2024-2025),Vermont,50.0,0.0,1296986.0,0.0,0.0
ARDS (ARDS + Pneumonia),Post-pandemic (2024-2025),Virginia,51.0,234.0,17622390.0,1.3278562101962332,1.1
ARDS (ARDS + Pneumonia),Post-pandemic (2024-2025),Washington,53.0,196.0,15916360.0,1.2314373386879915,1.05
ARDS (ARDS + Pneumonia),Post-pandemic (2024-2025),West Virginia,54.0,86.0,3539958.0,2.429407354550534,1.8500000000000003
ARDS (ARDS + Pneumonia),Post-pandemic (2024-2025),Wisconsin,55.0,136.0,11921950.0,1.1407529808462542,0.8
ARDS (ARDS + Pneumonia),Post-pandemic (2024-2025),Wyoming,56.0,22.0,1175236.0,1.8719644394827932,1.5500000000000003
ARDS (ARDS + Pneumonia),Pre-pandemic (2010-2019),Alabama,1.0,879.0,48475680.0,1.8132803913219988,1.609749016414004
ARDS (ARDS + Pneumonia),Pre-pandemic (2010-2019),Alaska,2.0,0.0,7325366.0,0.0,0.0
ARDS (ARDS + Pneumonia),Pre-pandemic (2010-2019),Arizona,4.0,786.0,68011654.0,1.1556842890484622,1.0064074136470786
ARDS (ARDS + Pneumonia),Pre-pandemic (2010-2019),Arkansas,5.0,457.0,29731130.0,1.5371094203281208,1.2982585424771949
ARDS (ARDS + Pneumonia),Pre-pandemic (2010-2019),California,6.0,4244.0,387123075.0,1.0962921804648302,1.0293036884975146
ARDS (ARDS + Pneumonia),Pre-pandemic (2010-2019),Colorado,8.0,466.0,54016380.0,0.8627012769089671,0.8147672446765222
ARDS (ARDS + Pneumonia),Pre-pandemic (2010-2019),Connecticut,9.0,339.0,35831384.0,0.9460979793579841,0.7500213946522412
ARDS (ARDS + Pneumonia),Pre-pandemic (2010-2019),Delaware,10.0,127.0,9384397.0,1.3533101807180579,0.19581704610322856
ARDS (ARDS + Pneumonia),Pre-pandemic (2010-2019),District of Columbia,11.0,0.0,6612958.0,0.0,0.0
ARDS (ARDS + Pneumonia),Pre-pandemic (2010-2019),Florida,12.0,2284.0,201267750.0,1.1348067437530354,0.8813506366519226
ARDS (ARDS + Pneumonia),Pre-pandemic (2010-2019),Georgia,13.0,1042.0,101603826.0,1.0255519314794306,1.0085823697229668
ARDS (ARDS + Pneumonia),Pre-pandemic (2010-2019),Hawaii,15.0,187.0,14075100.0,1.3285873635000818,0.6795493104844725
ARDS (ARDS + Pneumonia),Pre-pandemic (2010-2019),Idaho,16.0,184.0,16591181.0,1.1090229200681976,0.6622274870004733
ARDS (ARDS + Pneumonia),Pre-pandemic (2010-2019),Illinois,17.0,1212.0,128214317.0,0.945292248446794,0.8504656699142265
ARDS (ARDS + Pneumonia),Pre-pandemic (2010-2019),Indiana,18.0,779.0,66049463.0,1.1794191271471806,1.0398658638602407
ARDS (ARDS + Pneumonia),Pre-pandemic (2010-2019),Iowa,19.0,286.0,31095910.0,0.919735103426785,0.7691067539107233
ARDS (ARDS + Pneumonia),Pre-pandemic (2010-2019),Kansas,20.0,276.0,28965111.0,0.9528705068660016,0.7802325252611669
ARDS (ARDS + Pneumonia),Pre-pandemic (2010-2019),Kentucky,21.0,659.0,44150220.0,1.4926312937964974,1.300844029769274
ARDS (ARDS + Pneumonia),Pre-pandemic (2010-2019),Louisiana,22.0,443.0,46330742.0,0.9561685845652979,0.8900225383828302
ARDS (ARDS + Pneumonia),Pre-pandemic (2010-2019),Maine,23.0,158.0,13323462.0,1.1858779647512037,0.3614110206491376
ARDS (ARDS + Pneumonia),Pre-pandemic (2010-2019),Maryland,24.0,665.0,59555048.0,1.1166139938297086,1.009475143064279
ARDS (ARDS + Pneumonia),Pre-pandemic (2010-2019),Massachusetts,25.0,592.0,67480213.0,0.8772942077109329,0.7300738114149106
ARDS (ARDS + Pneumonia),Pre-pandemic (2010-2019),Michigan,26.0,1042.0,99244645.0,1.0499307040697259,0.8898754960532128
ARDS (ARDS + Pneumonia),Pre-pandemic (2010-2019),Minnesota,27.0,620.0,54742441.0,1.1325764592777292,0.9707220198675466
ARDS (ARDS + Pneumonia),Pre-pandemic (2010-2019),Mississippi,28.0,476.0,29843859.0,1.5949679965985633,1.4399934438773483
ARDS (ARDS + Pneumonia),Pre-pandemic (2010-2019),Missouri,29.0,669.0,60683447.0,1.1024423184134546,0.9102449321970782
ARDS (ARDS + Pneumonia),Pre-pandemic (2010-2019),Montana,30.0,51.0,10288544.0,0.4956969615914555,0.0929261224911902
ARDS (ARDS + Pneumonia),Pre-pandemic (2010-2019),Nebraska,31.0,212.0,18861584.0,1.1239777104616453,0.658849055307338
ARDS (ARDS + Pneumonia),Pre-pandemic (2010-2019),Nevada,32.0,277.0,28755529.0,0.9632930070596162,0.8436926164703838
ARDS (ARDS + Pneumonia),Pre-pandemic (2010-2019),New Hampshire,33.0,128.0,13330021.0,0.9602385472611034,0.24929933718784092
ARDS (ARDS + Pneumonia),Pre-pandemic (2010-2019),New Jersey,34.0,881.0,89013989.0,0.9897320745843668,0.8500547245444758
ARDS (ARDS + Pneumonia),Pre-pandemic (2010-2019),New Mexico,35.0,257.0,20844251.0,1.232953872988768,0.9297671333932797
ARDS (ARDS + Pneumonia),Pre-pandemic (2010-2019),New York,36.0,1631.0,196197163.0,0.831306617823011,0.7003308686986468
ARDS (ARDS + Pneumonia),Pre-pandemic (2010-2019),North Carolina,37.0,1213.0,100070694.0,1.2121430875656762,1.078640665767742
ARDS (ARDS + Pneumonia),Pre-pandemic (2010-2019),North Dakota,38.0,81.0,7311437.0,1.1078533535883577,0.3227019120865023
ARDS (ARDS + Pneumonia),Pre-pandemic (2010-2019),Ohio,39.0,1297.0,116055598.0,1.117567805733938,0.9498611277674
ARDS (ARDS + Pneumonia),Pre-pandemic (2010-2019),Oklahoma,40.0,466.0,38752111.0,1.2025151352399872,1.078086293157036
ARDS (ARDS + Pneumonia),Pre-pandemic (2010-2019),Oregon,41.0,463.0,40176258.0,1.1524219104725981,0.941557956940639
ARDS (ARDS + Pneumonia),Pre-pandemic (2010-2019),Pennsylvania,42.0,1506.0,127771127.0,1.1786700449155465,0.9501956439657919
ARDS (ARDS + Pneumonia),Pre-pandemic (2010-2019),Rhode Island,44.0,91.0,10549884.0,0.8625687258741424,0.060248681407302676
ARDS (ARDS + Pneumonia),Pre-pandemic (2010-2019),South Carolina,45.0,707.0,48750113.0,1.4502530486442153,1.2720049510449338
ARDS (ARDS + Pneumonia),Pre-pandemic (2010-2019),South Dakota,46.0,48.0,8530151.0,0.5627098512089646,0.1037096529709732
ARDS (ARDS + Pneumonia),Pre-pandemic (2010-2019),Tennessee,47.0,1027.0,65817692.0,1.5603707282838175,1.3673250499273053
ARDS (ARDS + Pneumonia),Pre-pandemic (2010-2019),Texas,48.0,2964.0,271618628.0,1.0912359074282636,1.1216323127145755
ARDS (ARDS + Pneumonia),Pre-pandemic (2010-2019),Utah,49.0,340.0,29796200.0,1.141085104812023,1.3888183325390484
ARDS (ARDS + Pneumonia),Pre-pandemic (2010-2019),Vermont,50.0,0.0,6255956.0,0.0,0.0
ARDS (ARDS + Pneumonia),Pre-pandemic (2010-2019),Virginia,51.0,670.0,83188214.0,0.8054025537800342,0.7210231920593944
ARDS (ARDS + Pneumonia),Pre-pandemic (2010-2019),Washington,53.0,971.0,71499104.0,1.3580589765152862,1.2190248845635885
ARDS (ARDS + Pneumonia),Pre-pandemic (2010-2019),West Virginia,54.0,358.0,18357467.0,1.950160117406176,1.4999243141768959
ARDS (ARDS + Pneumonia),Pre-pandemic (2010-2019),Wisconsin,55.0,568.0,57606958.0,0.9859920046463831,0.820574294167729
ARDS (ARDS + Pneumonia),Pre-pandemic (2010-2019),Wyoming,56.0,11.0,5782426.0,0.1902315740832654,0.0
Pneumonia,Pandemic (2020-2023),Alabama,1.0,17462.0,20144173.0,86.68511732896654,68.70625211072206
Pneumonia,Pandemic (2020-2023),Alaska,2.0,1501.0,2930820.0,51.21433591964024,54.22103865129894
Pneumonia,Pandemic (2020-2023),Arizona,4.0,28056.0,29488258.0,95.14295486698468,73.89629568148787
Pneumonia,Pandemic (2020-2023),Arkansas,5.0,12508.0,12169782.0,102.77916235475705,81.83054114691619
Pneumonia,Pandemic (2020-2023),California,6.0,119149.0,156600449.0,76.08471160896863,65.56746487170034
Pneumonia,Pandemic (2020-2023),Colorado,8.0,13233.0,23337324.0,56.70315928252956,52.32509169431764
Pneumonia,Pandemic (2020-2023),Connecticut,9.0,9948.0,14405984.0,69.05463729516845,49.72452527366406
Pneumonia,Pandemic (2020-2023),Delaware,10.0,3218.0,4040479.0,79.64402240427435,57.460449738756225
Pneumonia,Pandemic (2020-2023),District of Columbia,11.0,2158.0,2733641.0,78.9423336860985,78.8695097856668
Pneumonia,Pandemic (2020-2023),Florida,12.0,87030.0,88369989.0,98.48366055584775,65.18087278929049
Pneumonia,Pandemic (2020-2023),Georgia,13.0,32104.0,43451686.0,73.88435974613274,68.26882672630931
Pneumonia,Pandemic (2020-2023),Hawaii,15.0,3574.0,5723893.0,62.440021153435254,41.79317188493915
Pneumonia,Pandemic (2020-2023),Idaho,16.0,4523.0,7631595.0,59.266771887135,51.67342594831094
Pneumonia,Pandemic (2020-2023),Illinois,17.0,39309.0,50390720.0,78.00841107251495,62.5676783820513
Pneumonia,Pandemic (2020-2023),Indiana,18.0,24797.0,27256174.0,90.9775524620587,75.57487583180237
Pneumonia,Pandemic (2020-2023),Iowa,19.0,9011.0,12764161.0,70.59610106766908,52.768316006042234
Pneumonia,Pandemic (2020-2023),Kansas,20.0,9173.0,11726083.0,78.22731597584632,63.26847688183685
Pneumonia,Pandemic (2020-2023),Kentucky,21.0,20555.0,18025109.0,114.03537143658883,92.97321924655213
Pneumonia,Pandemic (2020-2023),Louisiana,22.0,14718.0,18433355.0,79.84439077964917,67.41490057561415
Pneumonia,Pandemic (2020-2023),Maine,23.0,3916.0,5503450.0,71.15536617939657,46.86917913308925
Pneumonia,Pandemic (2020-2023),Maryland,24.0,17306.0,24565844.0,70.44740656986994,57.60686846745424
Pneumonia,Pandemic (2020-2023),Massachusetts,25.0,19096.0,27861670.0,68.53860518770053,51.89808211783429
Pneumonia,Pandemic (2020-2023),Michigan,26.0,35117.0,40088740.0,87.5981634743322,67.26434835068402
Pneumonia,Pandemic (2020-2023),Minnesota,27.0,13442.0,22819831.0,58.904906000399386,46.9580227609924
Pneumonia,Pandemic (2020-2023),Mississippi,28.0,14269.0,11796498.0,120.95962717070779,100.2876724092184
Pneumonia,Pandemic (2020-2023),Missouri,29.0,20620.0,24693848.0,83.50257926589651,64.78956966933626
Pneumonia,Pandemic (2020-2023),Montana,30.0,3364.0,4440527.0,75.75677391444755,56.77360124147426
Pneumonia,Pandemic (2020-2023),Nebraska,31.0,5533.0,7847546.0,70.50611745378745,57.94466507109357
Pneumonia,Pandemic (2020-2023),Nevada,32.0,13674.0,12654198.0,108.05900144758284,92.36999432125211
Pneumonia,Pandemic (2020-2023),New Hampshire,33.0,3048.0,5552552.0,54.89367771792142,39.66061394832502
Pneumonia,Pandemic (2020-2023),New Jersey,34.0,29557.0,36702041.0,80.53230609164214,62.21093345735187
Pneumonia,Pandemic (2020-2023),New Mexico,35.0,8972.0,8449911.0,106.17863312406485,85.27575944882734
Pneumonia,Pandemic (2020-2023),New York,36.0,70506.0,78421056.0,89.90697600399567,67.12572409124407
Pneumonia,Pandemic (2020-2023),North Carolina,37.0,35935.0,42686449.0,84.18362464397075,69.04009586508356
Pneumonia,Pandemic (2020-2023),North Dakota,38.0,2562.0,3103444.0,82.5534470736382,67.22607557925969
Pneumonia,Pandemic (2020-2023),Ohio,39.0,42162.0,47015227.0,89.67732943201571,69.29314050105512
Pneumonia,Pandemic (2020-2023),Oklahoma,40.0,16888.0,16041046.0,105.27991753156248,89.76576041861608
Pneumonia,Pandemic (2020-2023),Oregon,41.0,8565.0,16961157.0,50.497734323195054,39.00858965576464
Pneumonia,Pandemic (2020-2023),Pennsylvania,42.0,42995.0,51681001.0,83.19304806035007,59.00328879659278
Pneumonia,Pandemic (2020-2023),Rhode Island,44.0,3031.0,4342431.0,69.79961224484626,50.4918235430799
Pneumonia,Pandemic (2020-2023),South Carolina,45.0,18063.0,21064934.0,85.74914120310085,66.96414716988907
Pneumonia,Pandemic (2020-2023),South Dakota,46.0,2920.0,3617235.0,80.72464188807197,64.60332262073102
Pneumonia,Pandemic (2020-2023),Tennessee,47.0,28745.0,28039880.0,102.51470405722137,84.5452563884011
Pneumonia,Pandemic (2020-2023),Texas,48.0,96555.0,119421573.0,80.85222592068855,81.45935844104147
Pneumonia,Pandemic (2020-2023),Utah,49.0,5618.0,13386388.0,41.96800511086336,48.947072294632434
Pneumonia,Pandemic (2020-2023),Vermont,50.0,1238.0,2563445.0,48.29438509505763,34.01168899664319
Pneumonia,Pandemic (2020-2023),Virginia,51.0,20625.0,34632154.0,59.55448223058837,49.480508812706255
Pneumonia,Pandemic (2020-2023),Washington,53.0,18112.0,31030970.0,58.36749544084507,50.01298408009805
Pneumonia,Pandemic (2020-2023),West Virginia,54.0,9790.0,7112973.0,137.63583806658622,96.14090548354393
Pneumonia,Pandemic (2020-2023),Wisconsin,55.0,13342.0,23532057.0,56.69712596735593,43.676300354873355
Pneumonia,Pandemic (2020-2023),Wyoming,56.0,1909.0,2326569.0,82.05215491137378,66.3647972185652
Pneumonia,Post-pandemic (2024-2025),Alabama,1.0,5132.0,10315398.0,49.75086758649545,38.6
Pneumonia,Post-pandemic (2024-2025),Alaska,2.0,390.0,1480266.0,26.346616081163788,27.25
Pneumonia,Post-pandemic (2024-2025),Arizona,4.0,6472.0,15164768.0,42.67787017908879,31.650000000000002
Pneumonia,Post-pandemic (2024-2025),Arkansas,5.0,3881.0,6176708.0,62.83282292120657,49.1
Pneumonia,Post-pandemic (2024-2025),California,6.0,34867.0,78862526.0,44.21238041500218,36.55
Pneumonia,Post-pandemic (2024-2025),Colorado,8.0,3430.0,11914986.0,28.78727679579313,25.799999999999997
Pneumonia,Post-pandemic (2024-2025),Connecticut,9.0,4158.0,7350138.0,56.57036643393634,39.95
Pneumonia,Post-pandemic (2024-2025),Delaware,10.0,1155.0,2103834.0,54.89976870798742,38.5
Pneumonia,Post-pandemic (2024-2025),District of Columbia,11.0,493.0,1404500.0,35.101459594161625,35.05
Pneumonia,Post-pandemic (2024-2025),Florida,12.0,24303.0,46744430.0,51.991221200044585,33.15
Pneumonia,Post-pandemic (2024-2025),Georgia,13.0,8192.0,22361756.0,36.633974541176464,32.8
Pneumonia,Post-pandemic (2024-2025),Hawaii,15.0,1502.0,2892292.0,51.93113281784827,32.4
Pneumonia,Post-pandemic (2024-2025),Idaho,16.0,1083.0,4003238.0,27.053100515133,22.95
Pneumonia,Post-pandemic (2024-2025),Illinois,17.0,10712.0,25420316.0,42.139523363910975,32.7
Pneumonia,Post-pandemic (2024-2025),Indiana,18.0,6971.0,13848550.0,50.33739994439851,41.0
Pneumonia,Post-pandemic (2024-2025),Iowa,19.0,2827.0,6482976.0,43.60651651340372,32.050000000000004
Pneumonia,Post-pandemic (2024-2025),Kansas,20.0,2513.0,5941212.0,42.297766852958624,33.45
Pneumonia,Post-pandemic (2024-2025),Kentucky,21.0,6045.0,9176744.0,65.87303732129827,52.599999999999994
Pneumonia,Post-pandemic (2024-2025),Louisiana,22.0,3248.0,9195480.0,35.32170153162206,28.9
Pneumonia,Post-pandemic (2024-2025),Maine,23.0,1620.0,2810024.0,57.650753160827094,36.300000000000004
Pneumonia,Post-pandemic (2024-2025),Maryland,24.0,6048.0,12526440.0,48.28187417973503,38.2
Pneumonia,Post-pandemic (2024-2025),Massachusetts,25.0,6251.0,14272342.0,43.797997553590015,32.65
Pneumonia,Post-pandemic (2024-2025),Michigan,26.0,9387.0,20280918.0,46.2848871042228,34.8
Pneumonia,Post-pandemic (2024-2025),Minnesota,27.0,4474.0,11586302.0,38.61456399116819,29.8
Pneumonia,Post-pandemic (2024-2025),Mississippi,28.0,3868.0,5886090.0,65.71425173587221,52.65
Pneumonia,Post-pandemic (2024-2025),Missouri,29.0,6097.0,12490932.0,48.81140974908838,37.15
Pneumonia,Post-pandemic (2024-2025),Montana,30.0,830.0,2274466.0,36.49208209751212,27.0
Pneumonia,Post-pandemic (2024-2025),Nebraska,31.0,1719.0,4010930.0,42.85789081335251,35.05
Pneumonia,Post-pandemic (2024-2025),Nevada,32.0,3163.0,6534934.0,48.4014069614169,39.650000000000006
Pneumonia,Post-pandemic (2024-2025),New Hampshire,33.0,1150.0,2818064.0,40.80815765717173,27.85
Pneumonia,Post-pandemic (2024-2025),New Jersey,34.0,7357.0,19001702.0,38.717584351128124,29.549999999999994
Pneumonia,Post-pandemic (2024-2025),New Mexico,35.0,2371.0,4260512.0,55.65058847387356,42.45
Pneumonia,Post-pandemic (2024-2025),New York,36.0,21423.0,39734496.0,53.915368650957596,38.75
Pneumonia,Post-pandemic (2024-2025),North Carolina,37.0,10815.0,22092048.0,48.95426625906298,39.5
Pneumonia,Post-pandemic (2024-2025),North Dakota,38.0,670.0,1593136.0,42.05541774211367,33.4
Pneumonia,Post-pandemic (2024-2025),Ohio,39.0,11058.0,23766608.0,46.52746407901372,35.25
Pneumonia,Post-pandemic (2024-2025),Oklahoma,40.0,5107.0,8190786.0,62.35054853099568,52.65
Pneumonia,Post-pandemic (2024-2025),Oregon,41.0,3016.0,8544742.0,35.29656015360089,26.25
Pneumonia,Post-pandemic (2024-2025),Pennsylvania,42.0,13567.0,26157502.0,51.866573497729256,35.9
Pneumonia,Post-pandemic (2024-2025),Rhode Island,44.0,782.0,2224616.0,35.152134121124725,24.950000000000003
Pneumonia,Post-pandemic (2024-2025),South Carolina,45.0,5098.0,10957662.0,46.52452320577145,35.5
Pneumonia,Post-pandemic (2024-2025),South Dakota,46.0,897.0,1849338.0,48.503842996791285,38.5
Pneumonia,Post-pandemic (2024-2025),Tennessee,47.0,8404.0,14455500.0,58.13704126457058,47.55
Pneumonia,Post-pandemic (2024-2025),Texas,48.0,23063.0,62581662.0,36.8526486241289,36.599999999999994
Pneumonia,Post-pandemic (2024-2025),Utah,49.0,1793.0,7007226.0,25.587871719850334,29.450000000000003
Pneumonia,Post-pandemic (2024-2025),Vermont,50.0,568.0,1296986.0,43.79384203067728,29.35
Pneumonia,Post-pandemic (2024-2025),Virginia,51.0,6437.0,17622390.0,36.52739497877416,29.25
Pneumonia,Post-pandemic (2024-2025),Washington,53.0,5826.0,15916360.0,36.603846608144075,30.7
Pneumonia,Post-pandemic (2024-2025),West Virginia,54.0,3141.0,3539958.0,88.72986628654917,59.699999999999996
Pneumonia,Post-pandemic (2024-2025),Wisconsin,55.0,4230.0,11921950.0,35.480772860144526,26.4
Pneumonia,Post-pandemic (2024-2025),Wyoming,56.0,510.0,1175236.0,43.395539278919294,33.65
Pneumonia,Pre-pandemic (2010-2019),Alabama,1.0,26695.0,48475680.0,55.06885101972783,47.936247000557806
Pneumonia,Pre-pandemic (2010-2019),Alaska,2.0,1935.0,7325366.0,26.415062400977646,37.81430333992868
Pneumonia,Pre-pandemic (2010-2019),Arizona,4.0,26715.0,68011654.0,39.28003280143724,33.43056868753699
Pneumonia,Pre-pandemic (2010-2019),Arkansas,5.0,19486.0,29731130.0,65.54073121337802,55.58520884675423
Pneumonia,Pre-pandemic (2010-2019),California,6.0,175780.0,387123075.0,45.406748228583375,43.273599384381825
Pneumonia,Pre-pandemic (2010-2019),Colorado,8.0,16893.0,54016380.0,31.273846933096962,31.954300676942804
Pneumonia,Pre-pandemic (2010-2019),Connecticut,9.0,18315.0,35831384.0,51.11440853080082,37.83278918559216
Pneumonia,Pre-pandemic (2010-2019),Delaware,10.0,4468.0,9384397.0,47.61094399565577,38.73816470040643
Pneumonia,Pre-pandemic (2010-2019),District of Columbia,11.0,2493.0,6612958.0,37.69871213456973,38.98251269704117
Pneumonia,Pre-pandemic (2010-2019),Florida,12.0,85521.0,201267750.0,42.49115916484384,29.28996940791557
Pneumonia,Pre-pandemic (2010-2019),Georgia,13.0,38295.0,101603826.0,37.690509804227254,40.62830114291168
Pneumonia,Pre-pandemic (2010-2019),Hawaii,15.0,9843.0,14075100.0,69.93200758786793,50.69009474888279
Pneumonia,Pre-pandemic (2010-2019),Idaho,16.0,6075.0,16591181.0,36.61583825768642,34.38333547804704
Pneumonia,Pre-pandemic (2010-2019),Illinois,17.0,62854.0,128214317.0,49.02260642233894,42.81044026853881
Pneumonia,Pre-pandemic (2010-2019),Indiana,18.0,35496.0,66049463.0,53.74154215303764,47.386450430338854
Pneumonia,Pre-pandemic (2010-2019),Iowa,19.0,16934.0,31095910.0,54.45732252247964,40.19832851329966
Pneumonia,Pre-pandemic (2010-2019),Kansas,20.0,15027.0,28965111.0,51.87965618360655,42.73567351424961
Pneumonia,Pre-pandemic (2010-2019),Kentucky,21.0,29659.0,44150220.0,67.17746819834646,59.742704933293645
Pneumonia,Pre-pandemic (2010-2019),Louisiana,22.0,19623.0,46330742.0,42.35416734746014,40.300693485547896
Pneumonia,Pre-pandemic (2010-2019),Maine,23.0,7833.0,13323462.0,58.79102593605175,41.501745462252984
Pneumonia,Pre-pandemic (2010-2019),Maryland,24.0,28434.0,59555048.0,47.744063609855544,43.0277645918445
Pneumonia,Pre-pandemic (2010-2019),Massachusetts,25.0,38866.0,67480213.0,57.596143035292435,45.26169915468406
Pneumonia,Pre-pandemic (2010-2019),Michigan,26.0,50037.0,99244645.0,50.4178336271947,41.21439236746728
Pneumonia,Pre-pandemic (2010-2019),Minnesota,27.0,23100.0,54742441.0,42.197606789218625,35.037837583822764
Pneumonia,Pre-pandemic (2010-2019),Mississippi,28.0,17961.0,29843859.0,60.183235686778985,55.16014363960103
Pneumonia,Pre-pandemic (2010-2019),Missouri,29.0,32232.0,60683447.0,53.11497878490653,43.733010980737454
Pneumonia,Pre-pandemic (2010-2019),Montana,30.0,4595.0,10288544.0,44.66132428456349,35.001690112808966
Pneumonia,Pre-pandemic (2010-2019),Nebraska,31.0,9817.0,18861584.0,52.04759048868854,42.54652152756629
Pneumonia,Pre-pandemic (2010-2019),Nevada,32.0,12779.0,28755529.0,44.44014923182251,43.29180097504032
Pneumonia,Pre-pandemic (2010-2019),New Hampshire,33.0,6381.0,13330021.0,47.8693919536961,38.35701144056712
Pneumonia,Pre-pandemic (2010-2019),New Jersey,34.0,37103.0,89013989.0,41.68221244415864,33.97951060254136
Pneumonia,Pre-pandemic (2010-2019),New Mexico,35.0,10561.0,20844251.0,50.66624845383026,44.72071697371137
Pneumonia,Pre-pandemic (2010-2019),New York,36.0,107933.0,196197163.0,55.01251819833909,44.797579401797975
Pneumonia,Pre-pandemic (2010-2019),North Carolina,37.0,53815.0,100070694.0,53.77698289970888,48.74031703727367
Pneumonia,Pre-pandemic (2010-2019),North Dakota,38.0,4105.0,7311437.0,56.14491378370627,44.41970003981433
Pneumonia,Pre-pandemic (2010-2019),Ohio,39.0,62810.0,116055598.0,54.12061208800975,43.770209563695495
Pneumonia,Pre-pandemic (2010-2019),Oklahoma,40.0,23231.0,38752111.0,59.947701945837224,53.70142846411645
Pneumonia,Pre-pandemic (2010-2019),Oregon,41.0,14950.0,40176258.0,37.2110314504651,30.301120134184718
Pneumonia,Pre-pandemic (2010-2019),Pennsylvania,42.0,68780.0,127771127.0,53.83062794773659,38.744641003283945
Pneumonia,Pre-pandemic (2010-2019),Rhode Island,44.0,6433.0,10549884.0,60.976973775256674,44.371481762263926
Pneumonia,Pre-pandemic (2010-2019),South Carolina,45.0,25410.0,48750113.0,52.12295610473764,45.97896245696908
Pneumonia,Pre-pandemic (2010-2019),South Dakota,46.0,5214.0,8530151.0,61.124357587573776,47.11264462962028
Pneumonia,Pre-pandemic (2010-2019),Tennessee,47.0,40993.0,65817692.0,62.28264582720403,55.521660109260594
Pneumonia,Pre-pandemic (2010-2019),Texas,48.0,109490.0,271618628.0,40.310195514278206,44.69151811708584
Pneumonia,Pre-pandemic (2010-2019),Utah,49.0,9929.0,29796200.0,33.32304119317229,42.50077777367583
Pneumonia,Pre-pandemic (2010-2019),Vermont,50.0,3292.0,6255956.0,52.62185347850912,40.21785661535982
Pneumonia,Pre-pandemic (2010-2019),Virginia,51.0,34282.0,83188214.0,41.21016469953304,38.75417032513764
Pneumonia,Pre-pandemic (2010-2019),Washington,53.0,29576.0,71499104.0,41.36555333616488,37.78918822814899
Pneumonia,Pre-pandemic (2010-2019),West Virginia,54.0,14374.0,18357467.0,78.30056292624685,59.111586952600824
Pneumonia,Pre-pandemic (2010-2019),Wisconsin,55.0,26303.0,57606958.0,45.659414961644046,36.46953640391843
Pneumonia,Pre-pandemic (2010-2019),Wyoming,56.0,2603.0,5782426.0,45.01570793988544,41.541095796124324
Sepsis+ Pneumonia,Pandemic (2020-2023),Alabama,1.0,4661.0,20144173.0,23.13820478011185,18.19519183537592
Sepsis+ Pneumonia,Pandemic (2020-2023),Alaska,2.0,276.0,2930820.0,9.417159702745307,9.601022273629907
Sepsis+ Pneumonia,Pandemic (2020-2023),Arizona,4.0,3748.0,29488258.0,12.710143813852957,9.911606077239286
Sepsis+ Pneumonia,Pandemic (2020-2023),Arkansas,5.0,3269.0,12169782.0,26.86161510534864,21.28672594956919
Sepsis+ Pneumonia,Pandemic (2020-2023),California,6.0,32888.0,156600449.0,21.001216924991063,17.959957275090574
Sepsis+ Pneumonia,Pandemic (2020-2023),Colorado,8.0,2844.0,23337324.0,12.186487191076406,11.04285644318089
Sepsis+ Pneumonia,Pandemic (2020-2023),Connecticut,9.0,2250.0,14405984.0,15.618509641548956,11.296536612840885
Sepsis+ Pneumonia,Pandemic (2020-2023),Delaware,10.0,805.0,4040479.0,19.923380371485656,13.945266241948046
Sepsis+ Pneumonia,Pandemic (2020-2023),District of Columbia,11.0,443.0,2733641.0,16.20549296707212,16.083932784151244
Sepsis+ Pneumonia,Pandemic (2020-2023),Florida,12.0,20562.0,88369989.0,23.26808029816548,15.360521363197183
Sepsis+ Pneumonia,Pandemic (2020-2023),Georgia,13.0,8311.0,43451686.0,19.126990837593738,17.285706807786465
Sepsis+ Pneumonia,Pandemic (2020-2023),Hawaii,15.0,659.0,5723893.0,11.513143240099001,7.929233006277371
Sepsis+ Pneumonia,Pandemic (2020-2023),Idaho,16.0,835.0,7631595.0,10.941356295767791,9.412971560990853
Sepsis+ Pneumonia,Pandemic (2020-2023),Illinois,17.0,8055.0,50390720.0,15.985086142845349,12.727739236510216
Sepsis+ Pneumonia,Pandemic (2020-2023),Indiana,18.0,5576.0,27256174.0,20.457750233029774,16.78556172263943
Sepsis+ Pneumonia,Pandemic (2020-2023),Iowa,19.0,1790.0,12764161.0,14.023640096673805,10.54527592530367
Sepsis+ Pneumonia,Pandemic (2020-2023),Kansas,20.0,1965.0,11726083.0,16.757513996788187,13.596940120584172
Sepsis+ Pneumonia,Pandemic (2020-2023),Kentucky,21.0,6620.0,18025109.0,36.72654628607239,29.543412641776538
Sepsis+ Pneumonia,Pandemic (2020-2023),Louisiana,22.0,3139.0,18433355.0,17.028913076322787,14.19344572922292
Sepsis+ Pneumonia,Pandemic (2020-2023),Maine,23.0,264.0,5503450.0,4.796990978386285,3.3001876641016086
Sepsis+ Pneumonia,Pandemic (2020-2023),Maryland,24.0,4116.0,24565844.0,16.75497084488528,13.569107684637254
Sepsis+ Pneumonia,Pandemic (2020-2023),Massachusetts,25.0,3935.0,27861670.0,14.123345800879846,10.691080301360257
Sepsis+ Pneumonia,Pandemic (2020-2023),Michigan,26.0,7967.0,40088740.0,19.873410838055772,15.022893747720682
Sepsis+ Pneumonia,Pandemic (2020-2023),Minnesota,27.0,2746.0,22819831.0,12.03339323590959,9.596687631034603
Sepsis+ Pneumonia,Pandemic (2020-2023),Mississippi,28.0,3760.0,11796498.0,31.873866294895315,26.110412776741033
Sepsis+ Pneumonia,Pandemic (2020-2023),Missouri,29.0,4303.0,24693848.0,17.425392753693146,13.470791401161941
Sepsis+ Pneumonia,Pandemic (2020-2023),Montana,30.0,645.0,4440527.0,14.525302965166071,10.845001122614502
Sepsis+ Pneumonia,Pandemic (2020-2023),Nebraska,31.0,1156.0,7847546.0,14.730719641528703,12.146474286356524
Sepsis+ Pneumonia,Pandemic (2020-2023),Nevada,32.0,3507.0,12654198.0,27.7141230127741,23.215467325546822
Sepsis+ Pneumonia,Pandemic (2020-2023),New Hampshire,33.0,584.0,5552552.0,10.517686281911452,7.455347667162775
Sepsis+ Pneumonia,Pandemic (2020-2023),New Jersey,34.0,6517.0,36702041.0,17.75650569405663,13.695620883863107
Sepsis+ Pneumonia,Pandemic (2020-2023),New Mexico,35.0,1805.0,8449911.0,21.36117173305139,17.224307167258925
Sepsis+ Pneumonia,Pandemic (2020-2023),New York,36.0,14271.0,78421056.0,18.19791868143168,13.572342971255067
Sepsis+ Pneumonia,Pandemic (2020-2023),North Carolina,37.0,7977.0,42686449.0,18.687429352579784,15.13015060118962
Sepsis+ Pneumonia,Pandemic (2020-2023),North Dakota,38.0,511.0,3103444.0,16.465578241463355,14.032750389567203
Sepsis+ Pneumonia,Pandemic (2020-2023),Ohio,39.0,8596.0,47015227.0,18.283438257141672,14.02452057713132
Sepsis+ Pneumonia,Pandemic (2020-2023),Oklahoma,40.0,5185.0,16041046.0,32.32332854104402,27.345001734924267
Sepsis+ Pneumonia,Pandemic (2020-2023),Oregon,41.0,1575.0,16961157.0,9.285923124230264,7.075248427922695
Sepsis+ Pneumonia,Pandemic (2020-2023),Pennsylvania,42.0,9321.0,51681001.0,18.035641376218702,12.775918117375474
Sepsis+ Pneumonia,Pandemic (2020-2023),Rhode Island,44.0,486.0,4342431.0,11.191887677662582,8.176535378455064
Sepsis+ Pneumonia,Pandemic (2020-2023),South Carolina,45.0,4653.0,21064934.0,22.088842053813224,17.004964292791044
Sepsis+ Pneumonia,Pandemic (2020-2023),South Dakota,46.0,613.0,3617235.0,16.946645711434286,13.76214263104277
Sepsis+ Pneumonia,Pandemic (2020-2023),Tennessee,47.0,7660.0,28039880.0,27.31823388687826,22.166512506472927
Sepsis+ Pneumonia,Pandemic (2020-2023),Texas,48.0,25016.0,119421573.0,20.94763899986479,20.819259835071843
Sepsis+ Pneumonia,Pandemic (2020-2023),Utah,49.0,1280.0,13386388.0,9.561952036650963,10.882679270913108
Sepsis+ Pneumonia,Pandemic (2020-2023),Vermont,50.0,232.0,2563445.0,9.05032095480886,6.301819192531925
Sepsis+ Pneumonia,Pandemic (2020-2023),Virginia,51.0,5216.0,34632154.0,15.061148087987828,12.345635974591703
Sepsis+ Pneumonia,Pandemic (2020-2023),Washington,53.0,4422.0,31030970.0,14.250279639985473,12.044921045007616
Sepsis+ Pneumonia,Pandemic (2020-2023),West Virginia,54.0,2643.0,7112973.0,37.157458632276544,26.010782678354044
Sepsis+ Pneumonia,Pandemic (2020-2023),Wisconsin,55.0,2783.0,23532057.0,11.826420444247606,9.023651931490733
Sepsis+ Pneumonia,Pandemic (2020-2023),Wyoming,56.0,305.0,2326569.0,13.109432817165535,10.444480090639908
Sepsis+ Pneumonia,Post-pandemic (2024-2025),Alabama,1.0,1799.0,10315398.0,17.439947542499088,13.399999999999999
Sepsis+ Pneumonia,Post-pandemic (2024-2025),Alaska,2.0,104.0,1480266.0,7.025764288310344,7.100000000000001
Sepsis+ Pneumonia,Post-pandemic (2024-2025),Arizona,4.0,1480.0,15164768.0,9.759463514377536,7.300000000000001
Sepsis+ Pneumonia,Post-pandemic (2024-2025),Arkansas,5.0,1433.0,6176708.0,23.200060614812937,17.9
Sepsis+ Pneumonia,Post-pandemic (2024-2025),California,6.0,12850.0,78862526.0,16.294177541307768,13.450000000000001
Sepsis+ Pneumonia,Post-pandemic (2024-2025),Colorado,8.0,1075.0,11914986.0,9.022251473900178,7.9
Sepsis+ Pneumonia,Post-pandemic (2024-2025),Connecticut,9.0,943.0,7350138.0,12.829691088793162,9.0
Sepsis+ Pneumonia,Post-pandemic (2024-2025),Delaware,10.0,444.0,2103834.0,21.104326672161395,14.75
Sepsis+ Pneumonia,Post-pandemic (2024-2025),District of Columbia,11.0,184.0,1404500.0,13.100747597009612,13.1
Sepsis+ Pneumonia,Post-pandemic (2024-2025),Florida,12.0,8292.0,46744430.0,17.73901189938566,11.3
Sepsis+ Pneumonia,Post-pandemic (2024-2025),Georgia,13.0,3029.0,22361756.0,13.54544786196576,11.9
Sepsis+ Pneumonia,Post-pandemic (2024-2025),Hawaii,15.0,279.0,2892292.0,9.646328932210164,6.300000000000001
Sepsis+ Pneumonia,Post-pandemic (2024-2025),Idaho,16.0,305.0,4003238.0,7.61883255504669,6.3500000000000005
Sepsis+ Pneumonia,Post-pandemic (2024-2025),Illinois,17.0,3353.0,25420316.0,13.190237288946367,10.2
Sepsis+ Pneumonia,Post-pandemic (2024-2025),Indiana,18.0,2083.0,13848550.0,15.041285910799326,12.05
Sepsis+ Pneumonia,Post-pandemic (2024-2025),Iowa,19.0,694.0,6482976.0,10.704960191122101,7.8500000000000005
Sepsis+ Pneumonia,Post-pandemic (2024-2025),Kansas,20.0,754.0,5941212.0,12.691013214138799,10.05
Sepsis+ Pneumonia,Post-pandemic (2024-2025),Kentucky,21.0,2435.0,9176744.0,26.53446581924918,21.0
Sepsis+ Pneumonia,Post-pandemic (2024-2025),Louisiana,22.0,1161.0,9195480.0,12.625768312257762,10.2
Sepsis+ Pneumonia,Post-pandemic (2024-2025),Maine,23.0,120.0,2810024.0,4.270426160061266,2.6
Sepsis+ Pneumonia,Post-pandemic (2024-2025),Maryland,24.0,1979.0,12526440.0,15.798582837581947,12.45
Sepsis+ Pneumonia,Post-pandemic (2024-2025),Massachusetts,25.0,1844.0,14272342.0,12.92009398317389,9.600000000000001
Sepsis+ Pneumonia,Post-pandemic (2024-2025),Michigan,26.0,3063.0,20280918.0,15.10286664538558,11.149999999999999
Sepsis+ Pneumonia,Post-pandemic (2024-2025),Minnesota,27.0,1210.0,11586302.0,10.443366658317727,8.0
Sepsis+ Pneumonia,Post-pandemic (2024-2025),Mississippi,28.0,1473.0,5886090.0,25.025101552983386,19.9
Sepsis+ Pneumonia,Post-pandemic (2024-2025),Missouri,29.0,1801.0,12490932.0,14.418459727424663,10.949999999999998
Sepsis+ Pneumonia,Post-pandemic (2024-2025),Montana,30.0,205.0,2274466.0,9.013104614445766,6.8500000000000005
Sepsis+ Pneumonia,Post-pandemic (2024-2025),Nebraska,31.0,431.0,4010930.0,10.745637545407174,8.85
Sepsis+ Pneumonia,Post-pandemic (2024-2025),Nevada,32.0,1374.0,6534934.0,21.025461006951257,17.0
Sepsis+ Pneumonia,Post-pandemic (2024-2025),New Hampshire,33.0,271.0,2818064.0,9.61653106529873,6.25
Sepsis+ Pneumonia,Post-pandemic (2024-2025),New Jersey,34.0,2514.0,19001702.0,13.230393782620103,10.049999999999999
Sepsis+ Pneumonia,Post-pandemic (2024-2025),New Mexico,35.0,716.0,4260512.0,16.805491922097623,12.7
Sepsis+ Pneumonia,Post-pandemic (2024-2025),New York,36.0,6590.0,39734496.0,16.585085161266424,11.899999999999999
Sepsis+ Pneumonia,Post-pandemic (2024-2025),North Carolina,37.0,3032.0,22092048.0,13.724395311833472,10.899999999999999
Sepsis+ Pneumonia,Post-pandemic (2024-2025),North Dakota,38.0,181.0,1593136.0,11.361239718391902,8.95
Sepsis+ Pneumonia,Post-pandemic (2024-2025),Ohio,39.0,3330.0,23766608.0,14.011254782339996,10.450000000000001
Sepsis+ Pneumonia,Post-pandemic (2024-2025),Oklahoma,40.0,2022.0,8190786.0,24.686275529601186,20.75
Sepsis+ Pneumonia,Post-pandemic (2024-2025),Oregon,41.0,773.0,8544742.0,9.04649900488511,6.6499999999999995
Sepsis+ Pneumonia,Post-pandemic (2024-2025),Pennsylvania,42.0,4424.0,26157502.0,16.912929988498135,11.65
Sepsis+ Pneumonia,Post-pandemic (2024-2025),Rhode Island,44.0,154.0,2224616.0,6.92254303664093,5.0
Sepsis+ Pneumonia,Post-pandemic (2024-2025),South Carolina,45.0,1712.0,10957662.0,15.623770837246122,11.799999999999999
Sepsis+ Pneumonia,Post-pandemic (2024-2025),South Dakota,46.0,263.0,1849338.0,14.22130513729778,11.549999999999999
Sepsis+ Pneumonia,Post-pandemic (2024-2025),Tennessee,47.0,3099.0,14455500.0,21.438206910864377,17.35
Sepsis+ Pneumonia,Post-pandemic (2024-2025),Texas,48.0,8160.0,62581662.0,13.03896339474014,12.75
Sepsis+ Pneumonia,Post-pandemic (2024-2025),Utah,49.0,483.0,7007226.0,6.8928845737243245,7.849999999999999
Sepsis+ Pneumonia,Post-pandemic (2024-2025),Vermont,50.0,124.0,1296986.0,9.560627485570391,6.15
Sepsis+ Pneumonia,Post-pandemic (2024-2025),Virginia,51.0,2150.0,17622390.0,12.200388256076502,9.65
Sepsis+ Pneumonia,Post-pandemic (2024-2025),Washington,53.0,1582.0,15916360.0,9.939458519410216,8.2
Sepsis+ Pneumonia,Post-pandemic (2024-2025),West Virginia,54.0,1007.0,3539958.0,28.446665186423115,19.150000000000002
Sepsis+ Pneumonia,Post-pandemic (2024-2025),Wisconsin,55.0,1219.0,11921950.0,10.224837379791058,7.5
Sepsis+ Pneumonia,Post-pandemic (2024-2025),Wyoming,56.0,129.0,1175236.0,10.976518758785469,8.55
Sepsis+ Pneumonia,Pre-pandemic (2010-2019),Alabama,1.0,7279.0,48475680.0,15.015776983427566,12.78909850465223
Sepsis+ Pneumonia,Pre-pandemic (2010-2019),Alaska,2.0,424.0,7325366.0,5.788106696648331,7.644622903483595
Sepsis+ Pneumonia,Pre-pandemic (2010-2019),Arizona,4.0,6913.0,68011654.0,10.164434465893153,8.62484971178616
Sepsis+ Pneumonia,Pre-pandemic (2010-2019),Arkansas,5.0,5065.0,29731130.0,17.036015785474685,14.205231207155597
Sepsis+ Pneumonia,Pre-pandemic (2010-2019),California,6.0,54370.0,387123075.0,14.044629088565697,13.292304547849545
Sepsis+ Pneumonia,Pre-pandemic (2010-2019),Colorado,8.0,3682.0,54016380.0,6.816450861757119,6.770934040748381
Sepsis+ Pneumonia,Pre-pandemic (2010-2019),Connecticut,9.0,4525.0,35831384.0,12.628593972256278,9.519235020338595
Sepsis+ Pneumonia,Pre-pandemic (2010-2019),Delaware,10.0,1308.0,9384397.0,13.9380292628285,11.170444025332689
Sepsis+ Pneumonia,Pre-pandemic (2010-2019),District of Columbia,11.0,822.0,6612958.0,12.430140944491102,12.96591750620524
Sepsis+ Pneumonia,Pre-pandemic (2010-2019),Florida,12.0,24185.0,201267750.0,12.016331478838511,8.291544704007473
Sepsis+ Pneumonia,Pre-pandemic (2010-2019),Georgia,13.0,11439.0,101603826.0,11.258434303448375,11.682862760502738
Sepsis+ Pneumonia,Pre-pandemic (2010-2019),Hawaii,15.0,1376.0,14075100.0,9.776129476877607,7.462067338775568
Sepsis+ Pneumonia,Pre-pandemic (2010-2019),Idaho,16.0,1295.0,16591181.0,7.805351529827804,7.177860153535785
Sepsis+ Pneumonia,Pre-pandemic (2010-2019),Illinois,17.0,15878.0,128214317.0,12.383952409932505,10.828394951400007
Sepsis+ Pneumonia,Pre-pandemic (2010-2019),Indiana,18.0,8759.0,66049463.0,13.2612736003622,11.615002462624108
Sepsis+ Pneumonia,Pre-pandemic (2010-2019),Iowa,19.0,3083.0,31095910.0,9.914487146380344,7.516657791973285
Sepsis+ Pneumonia,Pre-pandemic (2010-2019),Kansas,20.0,3164.0,28965111.0,10.92348653523199,9.11989727227353
Sepsis+ Pneumonia,Pre-pandemic (2010-2019),Kentucky,21.0,8847.0,44150220.0,20.038405244639776,17.341850219545904
Sepsis+ Pneumonia,Pre-pandemic (2010-2019),Louisiana,22.0,5581.0,46330742.0,12.045997450245887,11.231991380582683
Sepsis+ Pneumonia,Pre-pandemic (2010-2019),Maine,23.0,1346.0,13323462.0,10.102479370602024,7.208687944619799
Sepsis+ Pneumonia,Pre-pandemic (2010-2019),Maryland,24.0,6697.0,59555048.0,11.245058521319637,10.094829610413546
Sepsis+ Pneumonia,Pre-pandemic (2010-2019),Massachusetts,25.0,8575.0,67480213.0,12.707428768785897,10.14074873474392
Sepsis+ Pneumonia,Pre-pandemic (2010-2019),Michigan,26.0,13039.0,99244645.0,13.13824035543681,10.700200692944188
Sepsis+ Pneumonia,Pre-pandemic (2010-2019),Minnesota,27.0,4146.0,54742441.0,7.573648387363654,6.351455798253498
Sepsis+ Pneumonia,Pre-pandemic (2010-2019),Mississippi,28.0,5621.0,29843859.0,18.834695606891856,16.91268160729482
Sepsis+ Pneumonia,Pre-pandemic (2010-2019),Missouri,29.0,7334.0,60683447.0,12.085668106493687,9.884522916109233
Sepsis+ Pneumonia,Pre-pandemic (2010-2019),Montana,30.0,810.0,10288544.0,7.8728340958642935,6.270064082925631
Sepsis+ Pneumonia,Pre-pandemic (2010-2019),Nebraska,31.0,1828.0,18861584.0,9.691656861905129,8.109830176511158
Sepsis+ Pneumonia,Pre-pandemic (2010-2019),Nevada,32.0,5243.0,28755529.0,18.233015292467755,17.339447359845124
Sepsis+ Pneumonia,Pre-pandemic (2010-2019),New Hampshire,33.0,1269.0,13330021.0,9.519864972455782,7.5445063589922325
Sepsis+ Pneumonia,Pre-pandemic (2010-2019),New Jersey,34.0,11026.0,89013989.0,12.386817087817512,10.17913175759374
Sepsis+ Pneumonia,Pre-pandemic (2010-2019),New Mexico,35.0,2728.0,20844251.0,13.087541500051982,11.391955307005276
Sepsis+ Pneumonia,Pre-pandemic (2010-2019),New York,36.0,29220.0,196197163.0,14.893181712316604,12.174799469450024
Sepsis+ Pneumonia,Pre-pandemic (2010-2019),North Carolina,37.0,14584.0,100070694.0,14.573697270451627,12.9622099403048
Sepsis+ Pneumonia,Pre-pandemic (2010-2019),North Dakota,38.0,743.0,7311437.0,10.162161008841354,8.468616990066385
Sepsis+ Pneumonia,Pre-pandemic (2010-2019),Ohio,39.0,14515.0,116055598.0,12.506936546050971,10.120048091088204
Sepsis+ Pneumonia,Pre-pandemic (2010-2019),Oklahoma,40.0,7484.0,38752111.0,19.312496292137478,17.078181299594235
Sepsis+ Pneumonia,Pre-pandemic (2010-2019),Oregon,41.0,3289.0,40176258.0,8.186426919102322,6.640709361235184
Sepsis+ Pneumonia,Pre-pandemic (2010-2019),Pennsylvania,42.0,15533.0,127771127.0,12.156893630593084,8.931412926333506
Sepsis+ Pneumonia,Pre-pandemic (2010-2019),Rhode Island,44.0,1534.0,10549884.0,14.540444236164113,10.928972242727976
Sepsis+ Pneumonia,Pre-pandemic (2010-2019),South Carolina,45.0,7702.0,48750113.0,15.798937737846884,13.548079915219887
Sepsis+ Pneumonia,Pre-pandemic (2010-2019),South Dakota,46.0,896.0,8530151.0,10.503917222567338,8.30420892900958
Sepsis+ Pneumonia,Pre-pandemic (2010-2019),Tennessee,47.0,11769.0,65817692.0,17.88121041983666,15.592008856828343
Sepsis+ Pneumonia,Pre-pandemic (2010-2019),Texas,48.0,35267.0,271618628.0,12.984013747392908,14.09543457012087
Sepsis+ Pneumonia,Pre-pandemic (2010-2019),Utah,49.0,1968.0,29796200.0,6.604869077264887,8.169493136708708
Sepsis+ Pneumonia,Pre-pandemic (2010-2019),Vermont,50.0,458.0,6255956.0,7.321023357581159,5.640351514620627
Sepsis+ Pneumonia,Pre-pandemic (2010-2019),Virginia,51.0,9510.0,83188214.0,11.431907890221083,10.563604123055221
Sepsis+ Pneumonia,Pre-pandemic (2010-2019),Washington,53.0,7419.0,71499104.0,10.376353807174983,9.392679004760675
Sepsis+ Pneumonia,Pre-pandemic (2010-2019),West Virginia,54.0,4177.0,18357467.0,22.753683827948596,16.9439200299257
Sepsis+ Pneumonia,Pre-pandemic (2010-2019),Wisconsin,55.0,4722.0,57606958.0,8.196926489331377,6.607730673784234
Sepsis+ Pneumonia,Pre-pandemic (2010-2019),Wyoming,56.0,503.0,5782426.0,8.698771069443863,7.6334773501641005
